<?xml version="1.0" encoding="iso-8859-1"?>
<Package Name="Jcl" Design="0">
  <Description>JEDI Code Library RTL package</Description>
  <GUID/>
  <C5PFlags>-LUvcl50</C5PFlags>
  <C6PFlags/>
  <C5Libs/>
  <C6Libs/>
  <ImageBase>48000000</ImageBase>
  <VersionMajorNumber>1</VersionMajorNumber>
  <VersionMinorNumber>98</VersionMinorNumber>
  <ReleaseNumber>1</ReleaseNumber>
  <BuildNumber>2530</BuildNumber>
  <Requires>
    <Package Name="rtl" Targets="allLibSuffix" Condition=""/>
    <Package Name="vcl50" Targets="c5,d5" Condition=""/>
    <Package Name="vcljpg50" Targets="c5,d5" Condition=""/>
  </Requires>
  <Contains>
    <File Name="..\..\source\common\Jcl8087.pas" Targets="JclDev" Formname="" Condition=""/>
    <File Name="..\..\source\common\JclAbstractContainers.pas" Targets="JclDev" Formname="" Condition=""/>
    <File Name="..\..\source\common\JclAlgorithms.pas" Targets="JclDev" Formname="" Condition=""/>
    <File Name="..\..\source\common\JclAnsiStrings.pas" Targets="JclDev" Formname="" Condition=""/>
    <File Name="..\..\source\common\JclArrayLists.pas" Targets="JclDev" Formname="" Condition=""/>
    <File Name="..\..\source\common\JclArraySets.pas" Targets="JclDev" Formname="" Condition=""/>
    <File Name="..\..\source\common\JclBase.pas" Targets="JclDev" Formname="" Condition=""/>
    <File Name="..\..\source\common\JclBinaryTrees.pas" Targets="JclDev" Formname="" Condition=""/>
    <File Name="..\..\source\common\JclBorlandTools.pas" Targets="JclDev" Formname="" Condition=""/>
    <File Name="..\..\source\common\JclComplex.pas" Targets="JclDev" Formname="" Condition=""/>
    <File Name="..\..\source\common\JclCompression.pas" Targets="JclDev" Formname="" Condition=""/>
    <File Name="..\..\source\common\JclContainerIntf.pas" Targets="JclDev" Formname="" Condition=""/>
    <File Name="..\..\source\common\JclCounter.pas" Targets="JclDev" Formname="" Condition=""/>
    <File Name="..\..\source\common\JclDateTime.pas" Targets="JclDev" Formname="" Condition=""/>
    <File Name="..\..\source\common\JclEDI.pas" Targets="JclDev" Formname="" Condition=""/>
    <File Name="..\..\source\common\JclEDISEF.pas" Targets="JclDev" Formname="" Condition=""/>
    <File Name="..\..\source\common\JclEDITranslators.pas" Targets="JclDev" Formname="" Condition=""/>
    <File Name="..\..\source\common\JclEDIXML.pas" Targets="JclDev" Formname="" Condition=""/>
    <File Name="..\..\source\common\JclEDI_ANSIX12.pas" Targets="JclDev" Formname="" Condition=""/>
    <File Name="..\..\source\common\JclEDI_ANSIX12_Ext.pas" Targets="JclDev" Formname="" Condition=""/>
    <File Name="..\..\source\common\JclEDI_UNEDIFACT.pas" Targets="JclDev" Formname="" Condition=""/>
    <File Name="..\..\source\common\JclEDI_UNEDIFACT_Ext.pas" Targets="JclDev" Formname="" Condition=""/>
    <File Name="..\..\source\common\JclExprEval.pas" Targets="JclDev" Formname="" Condition=""/>
    <File Name="..\..\source\common\JclFileUtils.pas" Targets="JclDev" Formname="" Condition=""/>
    <File Name="..\..\source\common\JclHashMaps.pas" Targets="JclDev" Formname="" Condition=""/>
    <File Name="..\..\source\common\JclHashSets.pas" Targets="JclDev" Formname="" Condition=""/>
    <File Name="..\..\source\common\JclIniFiles.pas" Targets="JclDev" Formname="" Condition=""/>
    <File Name="..\..\source\common\JclLinkedLists.pas" Targets="JclDev" Formname="" Condition=""/>
    <File Name="..\..\source\common\JclLogic.pas" Targets="JclDev" Formname="" Condition=""/>
    <File Name="..\..\source\common\JclMath.pas" Targets="JclDev" Formname="" Condition=""/>
    <File Name="..\..\source\common\JclMIDI.pas" Targets="JclDev" Formname="" Condition=""/>
    <File Name="..\..\source\common\JclMime.pas" Targets="JclDev" Formname="" Condition=""/>
    <File Name="..\..\source\common\JclPCRE.pas" Targets="JclDev" Formname="" Condition=""/>
    <File Name="..\..\source\common\JclQueues.pas" Targets="JclDev" Formname="" Condition=""/>
    <File Name="..\..\source\common\JclResources.pas" Targets="JclDev" Formname="" Condition=""/>
    <File Name="..\..\source\common\JclRTTI.pas" Targets="JclDev" Formname="" Condition=""/>
    <File Name="..\..\source\common\JclSimpleXml.pas" Targets="JclDev" Formname="" Condition=""/>
    <File Name="..\..\source\common\JclSchedule.pas" Targets="JclDev" Formname="" Condition=""/>
    <File Name="..\..\source\common\JclStacks.pas" Targets="JclDev" Formname="" Condition=""/>
    <File Name="..\..\source\common\JclStatistics.pas" Targets="JclDev" Formname="" Condition=""/>
    <File Name="..\..\source\common\JclStreams.pas" Targets="JclDev" Formname="" Condition=""/>
    <File Name="..\..\source\common\JclStrHashMap.pas" Targets="JclDev" Formname="" Condition=""/>
    <File Name="..\..\source\common\JclStrings.pas" Targets="JclDev" Formname="" Condition=""/>
    <File Name="..\..\source\common\JclSysInfo.pas" Targets="JclDev" Formname="" Condition=""/>
    <File Name="..\..\source\common\JclSysUtils.pas" Targets="JclDev" Formname="" Condition=""/>
    <File Name="..\..\source\common\JclUnitConv.pas" Targets="JclDev" Formname="" Condition=""/>
    <File Name="..\..\source\common\JclUnitVersioning.pas" Targets="JclDev" Formname="" Condition=""/>
    <File Name="..\..\source\common\JclUnitVersioningProviders.pas" Targets="JclDev" Formname="" Condition=""/>
    <File Name="..\..\source\common\JclValidation.pas" Targets="JclDev" Formname="" Condition=""/>
    <File Name="..\..\source\common\JclVectors.pas" Targets="JclDev" Formname="" Condition=""/>
    <File Name="..\..\source\common\JclWideStrings.pas" Targets="JclDev" Formname="" Condition=""/>
    <File Name="..\..\source\common\pcre.pas" Targets="JclDev" Formname="" Condition=""/>
    <File Name="..\..\source\windows\Hardlinks.pas" Targets="WinDev" Formname="" Condition=""/>
    <File Name="..\..\source\windows\JclAppInst.pas" Targets="WinDev" Formname="" Condition=""/>
    <File Name="..\..\source\windows\JclCIL.pas" Targets="WinDev" Formname="" Condition=""/>
    <File Name="..\..\source\windows\JclCLR.pas" Targets="WinDev" Formname="" Condition=""/>
    <File Name="..\..\source\windows\JclCOM.pas" Targets="WinDev" Formname="" Condition=""/>
    <File Name="..\..\source\windows\JclConsole.pas" Targets="WinDev" Formname="" Condition=""/>
    <File Name="..\..\source\windows\JclDebug.pas" Targets="WinDev" Formname="" Condition=""/>
    <File Name="..\..\source\windows\JclDotNet.pas" Targets="DelphiDev" Formname="" Condition=""/>
    <File Name="..\..\source\windows\JclHookExcept.pas" Targets="WinDev" Formname="" Condition=""/>
    <File Name="..\..\source\windows\JclLANMan.pas" Targets="WinDev" Formname="" Condition=""/>
    <File Name="..\..\source\windows\JclLocales.pas" Targets="WinDev" Formname="" Condition=""/>
    <File Name="..\..\source\windows\JclMapi.pas" Targets="WinDev" Formname="" Condition=""/>
    <File Name="..\..\source\windows\JclMetadata.pas" Targets="WinDev" Formname="" Condition=""/>
    <File Name="..\..\source\windows\JclMiscel.pas" Targets="WinDev" Formname="" Condition=""/>
    <File Name="..\..\source\windows\JclMsdosSys.pas" Targets="WinDev" Formname="" Condition=""/>
    <File Name="..\..\source\windows\JclMultimedia.pas" Targets="WinDev" Formname="" Condition=""/>
    <File Name="..\..\source\windows\JclNTFS.pas" Targets="WinDev" Formname="" Condition=""/>
    <File Name="..\..\source\windows\JclPeImage.pas" Targets="WinDev" Formname="" Condition=""/>
    <File Name="..\..\source\windows\JclRegistry.pas" Targets="WinDev" Formname="" Condition=""/>
    <File Name="..\..\source\windows\JclSecurity.pas" Targets="WinDev" Formname="" Condition=""/>
    <File Name="..\..\source\windows\JclShell.pas" Targets="WinDev" Formname="" Condition=""/>
    <File Name="..\..\source\windows\JclStructStorage.pas" Targets="WinDev" Formname="" Condition=""/>
    <File Name="..\..\source\windows\JclSvcCtrl.pas" Targets="WinDev" Formname="" Condition=""/>
    <File Name="..\..\source\windows\JclSynch.pas" Targets="WinDev" Formname="" Condition=""/>
    <File Name="..\..\source\windows\JclTask.pas" Targets="WinDev" Formname="" Condition=""/>
    <File Name="..\..\source\windows\JclTD32.pas" Targets="WinDev" Formname="" Condition=""/>
    <File Name="..\..\source\windows\JclUnicode.pas" Targets="WinDev" Formname="" Condition=""/>
    <File Name="..\..\source\windows\JclWideFormat.pas" Targets="DelphiDev" Formname="" Condition=""/>
    <File Name="..\..\source\windows\JclWin32.pas" Targets="WinDev" Formname="" Condition=""/>
    <File Name="..\..\source\windows\JclWin32Ex.pas" Targets="WinDev" Formname="" Condition=""/>
    <File Name="..\..\source\windows\JclWinMIDI.pas" Targets="WinDev" Formname="" Condition=""/>
    <File Name="..\..\source\windows\mscoree_TLB.pas" Targets="DelphiDev" Formname="" Condition=""/>
    <File Name="..\..\source\windows\mscorlib_TLB.pas" Targets="DelphiDev" Formname="" Condition=""/>
    <File Name="..\..\source\windows\MSHelpServices_TLB.pas" Targets="WinDev" Formname="" Condition=""/>
    <File Name="..\..\source\windows\MSTask.pas" Targets="WinDev" Formname="" Condition=""/>
    <File Name="..\..\source\windows\Snmp.pas" Targets="WinDev" Formname="" Condition=""/>
    <File Name="..\..\source\windows\zlibh.pas" Targets="WinDev" Formname="" Condition=""/>
    <File Name="..\..\source\vcl\JclGraphics.pas" Targets="c5,d5" Formname="" Condition=""/>
    <File Name="..\..\source\vcl\JclGraphUtils.pas" Targets="c5,d5" Formname="" Condition=""/>
    <File Name="..\..\source\vcl\JclPrint.pas" Targets="c5,d5" Formname="" Condition=""/>
  </Contains>
</Package>
