<?xml version="1.0" encoding="iso-8859-1"?>
<Package Name="JclDebugExpertDLL" Type="L">
  <Description>JCL Debug IDE extension</Description>
  <GUID/>
  <C5PFlags>-LUvcl50 -LUdsnide50 -LUJclC50 -LUJclBaseExpertC50</C5PFlags>
  <C6PFlags>-LUdesignide</C6PFlags>
  <C5Libs/>
  <C6Libs/>
  <ImageBase>58020000</ImageBase>
  <VersionMajorNumber>1</VersionMajorNumber>
  <VersionMinorNumber>98</VersionMinorNumber>
  <ReleaseNumber>1</ReleaseNumber>
  <BuildNumber>2530</BuildNumber>
  <Requires>
    <Package Name="rtl" Targets="WinLibSuffix" Condition=""/>
    <Package Name="vcl50" Targets="c5,d5" Condition=""/>
    <Package Name="vcl" Targets="WinLibSuffix" Condition=""/>
    <Package Name="dsnide50" Targets="c5,d5" Condition=""/>
    <Package Name="designide" Targets="WinLibSuffix" Condition=""/>
    <Package Name="Jcl" Targets="WinLibSuffix" Condition=""/>
    <Package Name="Jcl50" Targets="c5,d5" Condition=""/>
    <Package Name="JclBaseExpert-D" Targets="Windows" Condition=""/>
  </Requires>
  <Contains>
    <File Name="..\..\experts\debug\converter\JclDebugIdeResult.pas" Targets="Windows" Formname="JclDebugResultForm" Condition=""/>
    <File Name="..\..\experts\debug\converter\JclDebugIdeImpl.pas" Targets="Windows" Formname="" Condition=""/>
    <File Name="..\..\experts\debug\converter\JclDebugIdeConfigFrame.pas" Targets="Windows" Formname="JclDebugIdeConfigFrame: TFrame" Condition=""/>
  </Contains>
</Package>
