<?xml version="1.0" encoding="iso-8859-1"?>
<Package Name="JclUsesExpertDLL" Type="L">
  <Description>JCL Uses Wizard</Description>
  <GUID/>
  <C5PFlags>-LUvcl50 -LUdsnide50 -LUJclC50 -LUJclBaseExpertC50</C5PFlags>
  <C6PFlags>-LUdesignide</C6PFlags>
  <C5Libs/>
  <C6Libs/>
  <ImageBase>580C0000</ImageBase>
  <VersionMajorNumber>1</VersionMajorNumber>
  <VersionMinorNumber>98</VersionMinorNumber>
  <ReleaseNumber>1</ReleaseNumber>
  <BuildNumber>2530</BuildNumber>
  <Requires>
    <Package Name="rtl" Targets="WinLibSuffix" Condition=""/>
    <Package Name="vcl50" Targets="c5,d5" Condition=""/>
    <Package Name="vcl" Targets="WinLibSuffix" Condition=""/>
    <Package Name="dsnide50" Targets="c5,d5" Condition=""/>
    <Package Name="designide" Targets="WinLibSuffix" Condition=""/>
    <Package Name="Jcl" Targets="WinLibSuffix" Condition=""/>
    <Package Name="Jcl50" Targets="c5,d5" Condition=""/>
    <Package Name="JclBaseExpert-D" Targets="Windows" Condition=""/>
  </Requires>
  <Contains>
    <File Name="..\..\experts\useswizard\JCLUsesWizard.pas" Targets="c5,d5,c6,d6,d7" Formname="" Condition=""/>
    <File Name="..\..\experts\useswizard\JCLOptionsFrame.pas" Targets="c5,d5,c6,d6,d7" Formname="FrameJclOptions: TFrame" Condition=""/>
    <File Name="..\..\experts\useswizard\JclUsesDialog.pas" Targets="c5,d5,c6,d6,d7" Formname="FormUsesConfirm" Condition=""/>
    <File Name="..\..\experts\useswizard\JclParseUses.pas" Targets="c5,d5,c6,d6,d7" Formname="" Condition=""/>
  </Contains>
</Package>
